target,name,link
ç©ºå¿ƒèœ,æ°´åŸ¹ç©ºå¿ƒèœ,https://www.bilibili.com/video/BV1DU4y1Z7jK
èŠ½è‹—èœ,èŠ½è‹—èœâ€”â€”æ‰“åŒ…ç›’7å¤©æ”¶å‰²,https://www.bilibili.com/video/BV12S4y1T7rc
è±Œè±†è‹—,ä¸‡ç‰©çš†å¯ç§â€”â€”è±Œè±†è‹—ç¯‡,https://www.bilibili.com/video/BV1rT4y117FB
é¦™èœ,æ²‰æµ¸å¼ç§é¦™èœ,https://www.bilibili.com/video/BV1ou411e7NG
è’œè‹—,æ‡’äººç§è’œè‹—ğŸ§„,https://www.bilibili.com/video/BV1kE411v7qL
çº¢è–¯,é±¼ç¼¸æ°´åŸ¹çº¢è–¯ğŸ ,https://www.bilibili.com/video/BV1uR4y147RJ
ç•ªèŒ„,é˜³å°æ°´åŸ¹ç•ªèŒ„ğŸ…,https://www.bilibili.com/video/BV1TF411H7HP
è‘±,é˜³å°ç§è‘±â€”â€”å–è‘±è€æ¿çŸ¥é“éƒ½å“­äº†,https://www.bilibili.com/video/BV1va41127U6
å¤§è‘±ã€å°è‘±,ä¸‡ç‰©çš†å¯ç§â€”â€”å¤§è‘±å°è‘±ç¯‡,https://www.bilibili.com/video/BV1rT4y117FB
å°è‘±,10å¤©æ”¶å‰²æ–°å°è‘±,https://www.bilibili.com/video/BV1Di4y1L7tn
ç”Ÿèœã€èŠ¹èœã€å°è‘±,æ°´åŸ¹ç”Ÿèœã€èŠ¹èœã€å°è‘±,https://www.bilibili.com/video/BV1nT4y1u7GR
è‘±,å¯ä¹ç“¶ç§è‘±,https://www.bilibili.com/video/BV177411R7Ao
è–„è·,ç§è–„è· æ— é™ç”Ÿé•¿ï¼Œç”Ÿç”Ÿä¸æ¯,https://www.bilibili.com/video/BV11R4y1L7Qn
,æ°´åŸ¹å°æŠ€å·§,https://www.bilibili.com/video/BV1NL4113784
,é˜³å°æ°´åŸ¹è”¬èœï¼ˆè„†è„†ç”œç”œï¼‰ğŸ¥¬,https://www.bilibili.com/video/BV1x3411H7rK
,æ°´åŸ¹è”¬èœåŸºç¡€ç‰ˆğŸ¥¬,https://www.bilibili.com/video/BV16y4y1a768
,é«˜å¯†åº¦ç§èœâ€”â€”25å¤©æ”¶å‰²ğŸ¥¬,https://www.bilibili.com/video/BV1Yu411e7VR
é’èœ,é˜³å°ç§é’èœğŸ¥¬,https://www.bilibili.com/video/BV1r44y1N7TN
ç•ªèŒ„,å°é—­é˜³å°ç•ªèŒ„é‡‡æ‘˜ğŸ…,https://www.bilibili.com/video/BV1rP4y1u7Ss
ç”Ÿèœ,æ‰‹æŠŠæ‰‹æ•™ä½ ç§ç”Ÿèœï¼ˆ0å¤±è¯¯ï¼‰ğŸ¥¬,https://www.bilibili.com/video/BV1oA4y1X7LW
è’œè‹—,é¸¡è›‹æ‰˜ç§è’œè‹—ğŸ§„,https://www.bilibili.com/video/BV1iV41187gX
,é˜³å°è¶£å‘³ç§èœï¼ˆæ²¡æ ¹ä¹Ÿæˆï¼ï¼‰ğŸ¥¬,https://www.bilibili.com/video/BV1rp4y1b7hx/
,å®¤å†…ç§è”¬èœï¼Œåå¤©è§æˆæœï¼ğŸ¥¬,https://www.bilibili.com/video/BV1g7411f7KX
è’œ,æ²¹æ¡¶ç§è’œğŸ¥¬,https://www.bilibili.com/video/BV1UE411n7or